dataset_name,patch_set,patch_size,ratio_variant,feature_set,hog_variant,is_pca,include_hsv,include_lbp,feature_file_path,file_format,row_count,metadata_column_count,feature_column_count,total_column_count,train_row_count,valid_row_count,test_row_count,positive_count,negative_count,nan_count,inf_count,pca_fit_split,pca_explained_variance_target,pca_n_components_actual,pca_explained_variance_actual,pca_artifact_path,status,action,file_size_mb,created_at,notes,manifest_path,features_dir,feature_file_name,resolved_feature_file_path,feature_file_exists,patch_set_order,feature_set_order,model_index,model_id,model_file_path,algorithm_name,algorithm_short,dataset_short,score_method,scaler_used,cv_folds,scoring,hyperparameter_grid_name,model_fit_split,valid_used_for_fit_or_selection,test_used_for_fit_or_selection
dataset1_varroa,centered80_balanced,80,balanced,hog8_hsv_lbp,hog8,False,True,True,data/features/dataset1_varroa/centered80_balanced__hog8_hsv_lbp.parquet,parquet,10246,28,2958,2986,6064,1288,2894,5123,5123,0,0,,,,,,OK,created_or_overwritten,156.0236,2026-05-25 03:17:27,HOG32 removed from Stage 03 feature grid.,data/features/dataset1_varroa/feature_manifest.csv,data/features/dataset1_varroa,centered80_balanced__hog8_hsv_lbp.parquet,data/features/dataset1_varroa/centered80_balanced__hog8_hsv_lbp.parquet,True,0,0,1,d1_linsvm_001,outputs/models/dataset1_varroa/00_linear_svm/models/d1_linsvm_001__centered80_balanced__hog8_hsv_lbp.joblib,linear_svm,linsvm,d1,decision_function,True,3,f1,linear_svm_stage04_v1,train,False,False
dataset1_varroa,centered80_balanced,80,balanced,hog8_hsv,hog8,False,True,False,data/features/dataset1_varroa/centered80_balanced__hog8_hsv.parquet,parquet,10246,28,2948,2976,6064,1288,2894,5123,5123,0,0,,,,,,OK,created_or_overwritten,155.8684,2026-05-25 03:17:29,HOG32 removed from Stage 03 feature grid.,data/features/dataset1_varroa/feature_manifest.csv,data/features/dataset1_varroa,centered80_balanced__hog8_hsv.parquet,data/features/dataset1_varroa/centered80_balanced__hog8_hsv.parquet,True,0,1,2,d1_linsvm_002,outputs/models/dataset1_varroa/00_linear_svm/models/d1_linsvm_002__centered80_balanced__hog8_hsv.joblib,linear_svm,linsvm,d1,decision_function,True,3,f1,linear_svm_stage04_v1,train,False,False
dataset1_varroa,centered80_balanced,80,balanced,hog8_only,hog8,False,False,False,data/features/dataset1_varroa/centered80_balanced__hog8_only.parquet,parquet,10246,28,2916,2944,6064,1288,2894,5123,5123,0,0,,,,,,OK,created_or_overwritten,155.332,2026-05-25 03:17:31,HOG32 removed from Stage 03 feature grid.,data/features/dataset1_varroa/feature_manifest.csv,data/features/dataset1_varroa,centered80_balanced__hog8_only.parquet,data/features/dataset1_varroa/centered80_balanced__hog8_only.parquet,True,0,2,3,d1_linsvm_003,outputs/models/dataset1_varroa/00_linear_svm/models/d1_linsvm_003__centered80_balanced__hog8_only.joblib,linear_svm,linsvm,d1,decision_function,True,3,f1,linear_svm_stage04_v1,train,False,False
dataset1_varroa,centered80_balanced,80,balanced,hog16_hsv_lbp,hog16,False,True,True,data/features/dataset1_varroa/centered80_balanced__hog16_hsv_lbp.parquet,parquet,10246,28,618,646,6064,1288,2894,5123,5123,0,0,,,,,,OK,created_or_overwritten,33.8302,2026-05-25 03:17:32,HOG32 removed from Stage 03 feature grid.,data/features/dataset1_varroa/feature_manifest.csv,data/features/dataset1_varroa,centered80_balanced__hog16_hsv_lbp.parquet,data/features/dataset1_varroa/centered80_balanced__hog16_hsv_lbp.parquet,True,0,3,4,d1_linsvm_004,outputs/models/dataset1_varroa/00_linear_svm/models/d1_linsvm_004__centered80_balanced__hog16_hsv_lbp.joblib,linear_svm,linsvm,d1,decision_function,True,3,f1,linear_svm_stage04_v1,train,False,False
dataset1_varroa,centered80_balanced,80,balanced,hog16_hsv,hog16,False,True,False,data/features/dataset1_varroa/centered80_balanced__hog16_hsv.parquet,parquet,10246,28,608,636,6064,1288,2894,5123,5123,0,0,,,,,,OK,created_or_overwritten,33.6751,2026-05-25 03:17:32,HOG32 removed from Stage 03 feature grid.,data/features/dataset1_varroa/feature_manifest.csv,data/features/dataset1_varroa,centered80_balanced__hog16_hsv.parquet,data/features/dataset1_varroa/centered80_balanced__hog16_hsv.parquet,True,0,4,5,d1_linsvm_005,outputs/models/dataset1_varroa/00_linear_svm/models/d1_linsvm_005__centered80_balanced__hog16_hsv.joblib,linear_svm,linsvm,d1,decision_function,True,3,f1,linear_svm_stage04_v1,train,False,False
dataset1_varroa,centered80_balanced,80,balanced,hog16_only,hog16,False,False,False,data/features/dataset1_varroa/centered80_balanced__hog16_only.parquet,parquet,10246,28,576,604,6064,1288,2894,5123,5123,0,0,,,,,,OK,created_or_overwritten,33.1388,2026-05-25 03:17:33,HOG32 removed from Stage 03 feature grid.,data/features/dataset1_varroa/feature_manifest.csv,data/features/dataset1_varroa,centered80_balanced__hog16_only.parquet,data/features/dataset1_varroa/centered80_balanced__hog16_only.parquet,True,0,5,6,d1_linsvm_006,outputs/models/dataset1_varroa/00_linear_svm/models/d1_linsvm_006__centered80_balanced__hog16_only.joblib,linear_svm,linsvm,d1,decision_function,True,3,f1,linear_svm_stage04_v1,train,False,False
dataset1_varroa,centered80_balanced,80,balanced,hsv_lbp_only,,False,True,True,data/features/dataset1_varroa/centered80_balanced__hsv_lbp_only.parquet,parquet,10246,28,42,70,6064,1288,2894,5123,5123,0,0,,,,,,OK,created_or_overwritten,1.357,2026-05-25 03:17:33,HOG32 removed from Stage 03 feature grid.,data/features/dataset1_varroa/feature_manifest.csv,data/features/dataset1_varroa,centered80_balanced__hsv_lbp_only.parquet,data/features/dataset1_varroa/centered80_balanced__hsv_lbp_only.parquet,True,0,6,7,d1_linsvm_007,outputs/models/dataset1_varroa/00_linear_svm/models/d1_linsvm_007__centered80_balanced__hsv_lbp_only.joblib,linear_svm,linsvm,d1,decision_function,True,3,f1,linear_svm_stage04_v1,train,False,False
dataset1_varroa,centered80_balanced,80,balanced,hog8_pca_hsv_lbp,hog8,True,True,True,data/features/dataset1_varroa/centered80_balanced__hog8_pca_hsv_lbp.parquet,parquet,10246,28,781,809,6064,1288,2894,5123,5123,0,0,train,0.95,739.0,0.9500816464424132,data/features/dataset1_varroa/pca_artifacts/centered80_balanced__hog8_pca.joblib,OK,created_or_overwritten,43.3074,2026-05-25 03:17:33,HOG32 removed from Stage 03 feature grid.,data/features/dataset1_varroa/feature_manifest.csv,data/features/dataset1_varroa,centered80_balanced__hog8_pca_hsv_lbp.parquet,data/features/dataset1_varroa/centered80_balanced__hog8_pca_hsv_lbp.parquet,True,0,7,8,d1_linsvm_008,outputs/models/dataset1_varroa/00_linear_svm/models/d1_linsvm_008__centered80_balanced__hog8_pca_hsv_lbp.joblib,linear_svm,linsvm,d1,decision_function,True,3,f1,linear_svm_stage04_v1,train,False,False
dataset1_varroa,centered80_balanced,80,balanced,hog8_pca_hsv,hog8,True,True,False,data/features/dataset1_varroa/centered80_balanced__hog8_pca_hsv.parquet,parquet,10246,28,771,799,6064,1288,2894,5123,5123,0,0,train,0.95,739.0,0.9500816464424132,data/features/dataset1_varroa/pca_artifacts/centered80_balanced__hog8_pca.joblib,OK,created_or_overwritten,43.1523,2026-05-25 03:17:34,HOG32 removed from Stage 03 feature grid.,data/features/dataset1_varroa/feature_manifest.csv,data/features/dataset1_varroa,centered80_balanced__hog8_pca_hsv.parquet,data/features/dataset1_varroa/centered80_balanced__hog8_pca_hsv.parquet,True,0,8,9,d1_linsvm_009,outputs/models/dataset1_varroa/00_linear_svm/models/d1_linsvm_009__centered80_balanced__hog8_pca_hsv.joblib,linear_svm,linsvm,d1,decision_function,True,3,f1,linear_svm_stage04_v1,train,False,False
dataset1_varroa,centered80_balanced,80,balanced,hog8_pca_only,hog8,True,False,False,data/features/dataset1_varroa/centered80_balanced__hog8_pca_only.parquet,parquet,10246,28,739,767,6064,1288,2894,5123,5123,0,0,train,0.95,739.0,0.9500816464424132,data/features/dataset1_varroa/pca_artifacts/centered80_balanced__hog8_pca.joblib,OK,created_or_overwritten,42.616,2026-05-25 03:17:35,HOG32 removed from Stage 03 feature grid.,data/features/dataset1_varroa/feature_manifest.csv,data/features/dataset1_varroa,centered80_balanced__hog8_pca_only.parquet,data/features/dataset1_varroa/centered80_balanced__hog8_pca_only.parquet,True,0,9,10,d1_linsvm_010,outputs/models/dataset1_varroa/00_linear_svm/models/d1_linsvm_010__centered80_balanced__hog8_pca_only.joblib,linear_svm,linsvm,d1,decision_function,True,3,f1,linear_svm_stage04_v1,train,False,False
dataset1_varroa,centered80_balanced,80,balanced,hog16_pca_hsv_lbp,hog16,True,True,True,data/features/dataset1_varroa/centered80_balanced__hog16_pca_hsv_lbp.parquet,parquet,10246,28,219,247,6064,1288,2894,5123,5123,0,0,train,0.95,177.0,0.9508655667304992,data/features/dataset1_varroa/pca_artifacts/centered80_balanced__hog16_pca.joblib,OK,created_or_overwritten,11.4045,2026-05-25 03:17:35,HOG32 removed from Stage 03 feature grid.,data/features/dataset1_varroa/feature_manifest.csv,data/features/dataset1_varroa,centered80_balanced__hog16_pca_hsv_lbp.parquet,data/features/dataset1_varroa/centered80_balanced__hog16_pca_hsv_lbp.parquet,True,0,10,11,d1_linsvm_011,outputs/models/dataset1_varroa/00_linear_svm/models/d1_linsvm_011__centered80_balanced__hog16_pca_hsv_lbp.joblib,linear_svm,linsvm,d1,decision_function,True,3,f1,linear_svm_stage04_v1,train,False,False
dataset1_varroa,centered80_balanced,80,balanced,hog16_pca_hsv,hog16,True,True,False,data/features/dataset1_varroa/centered80_balanced__hog16_pca_hsv.parquet,parquet,10246,28,209,237,6064,1288,2894,5123,5123,0,0,train,0.95,177.0,0.9508655667304992,data/features/dataset1_varroa/pca_artifacts/centered80_balanced__hog16_pca.joblib,OK,created_or_overwritten,11.2494,2026-05-25 03:17:35,HOG32 removed from Stage 03 feature grid.,data/features/dataset1_varroa/feature_manifest.csv,data/features/dataset1_varroa,centered80_balanced__hog16_pca_hsv.parquet,data/features/dataset1_varroa/centered80_balanced__hog16_pca_hsv.parquet,True,0,11,12,d1_linsvm_012,outputs/models/dataset1_varroa/00_linear_svm/models/d1_linsvm_012__centered80_balanced__hog16_pca_hsv.joblib,linear_svm,linsvm,d1,decision_function,True,3,f1,linear_svm_stage04_v1,train,False,False
dataset1_varroa,centered80_balanced,80,balanced,hog16_pca_only,hog16,True,False,False,data/features/dataset1_varroa/centered80_balanced__hog16_pca_only.parquet,parquet,10246,28,177,205,6064,1288,2894,5123,5123,0,0,train,0.95,177.0,0.9508655667304992,data/features/dataset1_varroa/pca_artifacts/centered80_balanced__hog16_pca.joblib,OK,created_or_overwritten,10.7131,2026-05-25 03:17:35,HOG32 removed from Stage 03 feature grid.,data/features/dataset1_varroa/feature_manifest.csv,data/features/dataset1_varroa,centered80_balanced__hog16_pca_only.parquet,data/features/dataset1_varroa/centered80_balanced__hog16_pca_only.parquet,True,0,12,13,d1_linsvm_013,outputs/models/dataset1_varroa/00_linear_svm/models/d1_linsvm_013__centered80_balanced__hog16_pca_only.joblib,linear_svm,linsvm,d1,decision_function,True,3,f1,linear_svm_stage04_v1,train,False,False
dataset1_varroa,centered80_neg4x,80,neg4x,hog8_hsv_lbp,hog8,False,True,True,data/features/dataset1_varroa/centered80_neg4x__hog8_hsv_lbp.parquet,parquet,25615,28,2958,2986,15160,3220,7235,5123,20492,0,0,,,,,,OK,created_or_overwritten,391.4092,2026-05-25 03:20:15,HOG32 removed from Stage 03 feature grid.,data/features/dataset1_varroa/feature_manifest.csv,data/features/dataset1_varroa,centered80_neg4x__hog8_hsv_lbp.parquet,data/features/dataset1_varroa/centered80_neg4x__hog8_hsv_lbp.parquet,True,1,0,14,d1_linsvm_014,outputs/models/dataset1_varroa/00_linear_svm/models/d1_linsvm_014__centered80_neg4x__hog8_hsv_lbp.joblib,linear_svm,linsvm,d1,decision_function,True,3,f1,linear_svm_stage04_v1,train,False,False
dataset1_varroa,centered80_neg4x,80,neg4x,hog8_hsv,hog8,False,True,False,data/features/dataset1_varroa/centered80_neg4x__hog8_hsv.parquet,parquet,25615,28,2948,2976,15160,3220,7235,5123,20492,0,0,,,,,,OK,created_or_overwritten,391.0558,2026-05-25 03:20:20,HOG32 removed from Stage 03 feature grid.,data/features/dataset1_varroa/feature_manifest.csv,data/features/dataset1_varroa,centered80_neg4x__hog8_hsv.parquet,data/features/dataset1_varroa/centered80_neg4x__hog8_hsv.parquet,True,1,1,15,d1_linsvm_015,outputs/models/dataset1_varroa/00_linear_svm/models/d1_linsvm_015__centered80_neg4x__hog8_hsv.joblib,linear_svm,linsvm,d1,decision_function,True,3,f1,linear_svm_stage04_v1,train,False,False
dataset1_varroa,centered80_neg4x,80,neg4x,hog8_only,hog8,False,False,False,data/features/dataset1_varroa/centered80_neg4x__hog8_only.parquet,parquet,25615,28,2916,2944,15160,3220,7235,5123,20492,0,0,,,,,,OK,created_or_overwritten,389.8711,2026-05-25 03:20:25,HOG32 removed from Stage 03 feature grid.,data/features/dataset1_varroa/feature_manifest.csv,data/features/dataset1_varroa,centered80_neg4x__hog8_only.parquet,data/features/dataset1_varroa/centered80_neg4x__hog8_only.parquet,True,1,2,16,d1_linsvm_016,outputs/models/dataset1_varroa/00_linear_svm/models/d1_linsvm_016__centered80_neg4x__hog8_only.joblib,linear_svm,linsvm,d1,decision_function,True,3,f1,linear_svm_stage04_v1,train,False,False
dataset1_varroa,centered80_neg4x,80,neg4x,hog16_hsv_lbp,hog16,False,True,True,data/features/dataset1_varroa/centered80_neg4x__hog16_hsv_lbp.parquet,parquet,25615,28,618,646,15160,3220,7235,5123,20492,0,0,,,,,,OK,created_or_overwritten,85.2736,2026-05-25 03:20:26,HOG32 removed from Stage 03 feature grid.,data/features/dataset1_varroa/feature_manifest.csv,data/features/dataset1_varroa,centered80_neg4x__hog16_hsv_lbp.parquet,data/features/dataset1_varroa/centered80_neg4x__hog16_hsv_lbp.parquet,True,1,3,17,d1_linsvm_017,outputs/models/dataset1_varroa/00_linear_svm/models/d1_linsvm_017__centered80_neg4x__hog16_hsv_lbp.joblib,linear_svm,linsvm,d1,decision_function,True,3,f1,linear_svm_stage04_v1,train,False,False
dataset1_varroa,centered80_neg4x,80,neg4x,hog16_hsv,hog16,False,True,False,data/features/dataset1_varroa/centered80_neg4x__hog16_hsv.parquet,parquet,25615,28,608,636,15160,3220,7235,5123,20492,0,0,,,,,,OK,created_or_overwritten,84.9201,2026-05-25 03:20:27,HOG32 removed from Stage 03 feature grid.,data/features/dataset1_varroa/feature_manifest.csv,data/features/dataset1_varroa,centered80_neg4x__hog16_hsv.parquet,data/features/dataset1_varroa/centered80_neg4x__hog16_hsv.parquet,True,1,4,18,d1_linsvm_018,outputs/models/dataset1_varroa/00_linear_svm/models/d1_linsvm_018__centered80_neg4x__hog16_hsv.joblib,linear_svm,linsvm,d1,decision_function,True,3,f1,linear_svm_stage04_v1,train,False,False
dataset1_varroa,centered80_neg4x,80,neg4x,hog16_only,hog16,False,False,False,data/features/dataset1_varroa/centered80_neg4x__hog16_only.parquet,parquet,25615,28,576,604,15160,3220,7235,5123,20492,0,0,,,,,,OK,created_or_overwritten,83.7355,2026-05-25 03:20:28,HOG32 removed from Stage 03 feature grid.,data/features/dataset1_varroa/feature_manifest.csv,data/features/dataset1_varroa,centered80_neg4x__hog16_only.parquet,data/features/dataset1_varroa/centered80_neg4x__hog16_only.parquet,True,1,5,19,d1_linsvm_019,outputs/models/dataset1_varroa/00_linear_svm/models/d1_linsvm_019__centered80_neg4x__hog16_only.joblib,linear_svm,linsvm,d1,decision_function,True,3,f1,linear_svm_stage04_v1,train,False,False
dataset1_varroa,centered80_neg4x,80,neg4x,hsv_lbp_only,,False,True,True,data/features/dataset1_varroa/centered80_neg4x__hsv_lbp_only.parquet,parquet,25615,28,42,70,15160,3220,7235,5123,20492,0,0,,,,,,OK,created_or_overwritten,3.0725,2026-05-25 03:20:28,HOG32 removed from Stage 03 feature grid.,data/features/dataset1_varroa/feature_manifest.csv,data/features/dataset1_varroa,centered80_neg4x__hsv_lbp_only.parquet,data/features/dataset1_varroa/centered80_neg4x__hsv_lbp_only.parquet,True,1,6,20,d1_linsvm_020,outputs/models/dataset1_varroa/00_linear_svm/models/d1_linsvm_020__centered80_neg4x__hsv_lbp_only.joblib,linear_svm,linsvm,d1,decision_function,True,3,f1,linear_svm_stage04_v1,train,False,False
dataset1_varroa,centered80_neg4x,80,neg4x,hog8_pca_hsv_lbp,hog8,True,True,True,data/features/dataset1_varroa/centered80_neg4x__hog8_pca_hsv_lbp.parquet,parquet,25615,28,811,839,15160,3220,7235,5123,20492,0,0,train,0.95,769.0,0.9501150846481324,data/features/dataset1_varroa/pca_artifacts/centered80_neg4x__hog8_pca.joblib,OK,created_or_overwritten,113.9323,2026-05-25 03:20:29,HOG32 removed from Stage 03 feature grid.,data/features/dataset1_varroa/feature_manifest.csv,data/features/dataset1_varroa,centered80_neg4x__hog8_pca_hsv_lbp.parquet,data/features/dataset1_varroa/centered80_neg4x__hog8_pca_hsv_lbp.parquet,True,1,7,21,d1_linsvm_021,outputs/models/dataset1_varroa/00_linear_svm/models/d1_linsvm_021__centered80_neg4x__hog8_pca_hsv_lbp.joblib,linear_svm,linsvm,d1,decision_function,True,3,f1,linear_svm_stage04_v1,train,False,False
dataset1_varroa,centered80_neg4x,80,neg4x,hog8_pca_hsv,hog8,True,True,False,data/features/dataset1_varroa/centered80_neg4x__hog8_pca_hsv.parquet,parquet,25615,28,801,829,15160,3220,7235,5123,20492,0,0,train,0.95,769.0,0.9501150846481324,data/features/dataset1_varroa/pca_artifacts/centered80_neg4x__hog8_pca.joblib,OK,created_or_overwritten,113.5788,2026-05-25 03:20:31,HOG32 removed from Stage 03 feature grid.,data/features/dataset1_varroa/feature_manifest.csv,data/features/dataset1_varroa,centered80_neg4x__hog8_pca_hsv.parquet,data/features/dataset1_varroa/centered80_neg4x__hog8_pca_hsv.parquet,True,1,8,22,d1_linsvm_022,outputs/models/dataset1_varroa/00_linear_svm/models/d1_linsvm_022__centered80_neg4x__hog8_pca_hsv.joblib,linear_svm,linsvm,d1,decision_function,True,3,f1,linear_svm_stage04_v1,train,False,False
dataset1_varroa,centered80_neg4x,80,neg4x,hog8_pca_only,hog8,True,False,False,data/features/dataset1_varroa/centered80_neg4x__hog8_pca_only.parquet,parquet,25615,28,769,797,15160,3220,7235,5123,20492,0,0,train,0.95,769.0,0.9501150846481324,data/features/dataset1_varroa/pca_artifacts/centered80_neg4x__hog8_pca.joblib,OK,created_or_overwritten,112.3942,2026-05-25 03:20:32,HOG32 removed from Stage 03 feature grid.,data/features/dataset1_varroa/feature_manifest.csv,data/features/dataset1_varroa,centered80_neg4x__hog8_pca_only.parquet,data/features/dataset1_varroa/centered80_neg4x__hog8_pca_only.parquet,True,1,9,23,d1_linsvm_023,outputs/models/dataset1_varroa/00_linear_svm/models/d1_linsvm_023__centered80_neg4x__hog8_pca_only.joblib,linear_svm,linsvm,d1,decision_function,True,3,f1,linear_svm_stage04_v1,train,False,False
dataset1_varroa,centered80_neg4x,80,neg4x,hog16_pca_hsv_lbp,hog16,True,True,True,data/features/dataset1_varroa/centered80_neg4x__hog16_pca_hsv_lbp.parquet,parquet,25615,28,223,251,15160,3220,7235,5123,20492,0,0,train,0.95,181.0,0.9504688382148744,data/features/dataset1_varroa/pca_artifacts/centered80_neg4x__hog16_pca.joblib,OK,created_or_overwritten,29.1599,2026-05-25 03:20:32,HOG32 removed from Stage 03 feature grid.,data/features/dataset1_varroa/feature_manifest.csv,data/features/dataset1_varroa,centered80_neg4x__hog16_pca_hsv_lbp.parquet,data/features/dataset1_varroa/centered80_neg4x__hog16_pca_hsv_lbp.parquet,True,1,10,24,d1_linsvm_024,outputs/models/dataset1_varroa/00_linear_svm/models/d1_linsvm_024__centered80_neg4x__hog16_pca_hsv_lbp.joblib,linear_svm,linsvm,d1,decision_function,True,3,f1,linear_svm_stage04_v1,train,False,False
dataset1_varroa,centered80_neg4x,80,neg4x,hog16_pca_hsv,hog16,True,True,False,data/features/dataset1_varroa/centered80_neg4x__hog16_pca_hsv.parquet,parquet,25615,28,213,241,15160,3220,7235,5123,20492,0,0,train,0.95,181.0,0.9504688382148744,data/features/dataset1_varroa/pca_artifacts/centered80_neg4x__hog16_pca.joblib,OK,created_or_overwritten,28.8064,2026-05-25 03:20:33,HOG32 removed from Stage 03 feature grid.,data/features/dataset1_varroa/feature_manifest.csv,data/features/dataset1_varroa,centered80_neg4x__hog16_pca_hsv.parquet,data/features/dataset1_varroa/centered80_neg4x__hog16_pca_hsv.parquet,True,1,11,25,d1_linsvm_025,outputs/models/dataset1_varroa/00_linear_svm/models/d1_linsvm_025__centered80_neg4x__hog16_pca_hsv.joblib,linear_svm,linsvm,d1,decision_function,True,3,f1,linear_svm_stage04_v1,train,False,False
dataset1_varroa,centered80_neg4x,80,neg4x,hog16_pca_only,hog16,True,False,False,data/features/dataset1_varroa/centered80_neg4x__hog16_pca_only.parquet,parquet,25615,28,181,209,15160,3220,7235,5123,20492,0,0,train,0.95,181.0,0.9504688382148744,data/features/dataset1_varroa/pca_artifacts/centered80_neg4x__hog16_pca.joblib,OK,created_or_overwritten,27.6218,2026-05-25 03:20:33,HOG32 removed from Stage 03 feature grid.,data/features/dataset1_varroa/feature_manifest.csv,data/features/dataset1_varroa,centered80_neg4x__hog16_pca_only.parquet,data/features/dataset1_varroa/centered80_neg4x__hog16_pca_only.parquet,True,1,12,26,d1_linsvm_026,outputs/models/dataset1_varroa/00_linear_svm/models/d1_linsvm_026__centered80_neg4x__hog16_pca_only.joblib,linear_svm,linsvm,d1,decision_function,True,3,f1,linear_svm_stage04_v1,train,False,False
dataset1_varroa,centered96_balanced,96,balanced,hog8_hsv_lbp,hog8,False,True,True,data/features/dataset1_varroa/centered96_balanced__hog8_hsv_lbp.parquet,parquet,10246,28,4398,4426,6064,1288,2894,5123,5123,0,0,,,,,,OK,created_or_overwritten,232.676,2026-05-25 03:22:06,HOG32 removed from Stage 03 feature grid.,data/features/dataset1_varroa/feature_manifest.csv,data/features/dataset1_varroa,centered96_balanced__hog8_hsv_lbp.parquet,data/features/dataset1_varroa/centered96_balanced__hog8_hsv_lbp.parquet,True,2,0,27,d1_linsvm_027,outputs/models/dataset1_varroa/00_linear_svm/models/d1_linsvm_027__centered96_balanced__hog8_hsv_lbp.joblib,linear_svm,linsvm,d1,decision_function,True,3,f1,linear_svm_stage04_v1,train,False,False
dataset1_varroa,centered96_balanced,96,balanced,hog8_hsv,hog8,False,True,False,data/features/dataset1_varroa/centered96_balanced__hog8_hsv.parquet,parquet,10246,28,4388,4416,6064,1288,2894,5123,5123,0,0,,,,,,OK,created_or_overwritten,232.512,2026-05-25 03:22:10,HOG32 removed from Stage 03 feature grid.,data/features/dataset1_varroa/feature_manifest.csv,data/features/dataset1_varroa,centered96_balanced__hog8_hsv.parquet,data/features/dataset1_varroa/centered96_balanced__hog8_hsv.parquet,True,2,1,28,d1_linsvm_028,outputs/models/dataset1_varroa/00_linear_svm/models/d1_linsvm_028__centered96_balanced__hog8_hsv.joblib,linear_svm,linsvm,d1,decision_function,True,3,f1,linear_svm_stage04_v1,train,False,False
dataset1_varroa,centered96_balanced,96,balanced,hog8_only,hog8,False,False,False,data/features/dataset1_varroa/centered96_balanced__hog8_only.parquet,parquet,10246,28,4356,4384,6064,1288,2894,5123,5123,0,0,,,,,,OK,created_or_overwritten,231.906,2026-05-25 03:22:13,HOG32 removed from Stage 03 feature grid.,data/features/dataset1_varroa/feature_manifest.csv,data/features/dataset1_varroa,centered96_balanced__hog8_only.parquet,data/features/dataset1_varroa/centered96_balanced__hog8_only.parquet,True,2,2,29,d1_linsvm_029,outputs/models/dataset1_varroa/00_linear_svm/models/d1_linsvm_029__centered96_balanced__hog8_only.joblib,linear_svm,linsvm,d1,decision_function,True,3,f1,linear_svm_stage04_v1,train,False,False
dataset1_varroa,centered96_balanced,96,balanced,hog16_hsv_lbp,hog16,False,True,True,data/features/dataset1_varroa/centered96_balanced__hog16_hsv_lbp.parquet,parquet,10246,28,942,970,6064,1288,2894,5123,5123,0,0,,,,,,OK,created_or_overwritten,52.1826,2026-05-25 03:22:14,HOG32 removed from Stage 03 feature grid.,data/features/dataset1_varroa/feature_manifest.csv,data/features/dataset1_varroa,centered96_balanced__hog16_hsv_lbp.parquet,data/features/dataset1_varroa/centered96_balanced__hog16_hsv_lbp.parquet,True,2,3,30,d1_linsvm_030,outputs/models/dataset1_varroa/00_linear_svm/models/d1_linsvm_030__centered96_balanced__hog16_hsv_lbp.joblib,linear_svm,linsvm,d1,decision_function,True,3,f1,linear_svm_stage04_v1,train,False,False
dataset1_varroa,centered96_balanced,96,balanced,hog16_hsv,hog16,False,True,False,data/features/dataset1_varroa/centered96_balanced__hog16_hsv.parquet,parquet,10246,28,932,960,6064,1288,2894,5123,5123,0,0,,,,,,OK,created_or_overwritten,52.0186,2026-05-25 03:22:15,HOG32 removed from Stage 03 feature grid.,data/features/dataset1_varroa/feature_manifest.csv,data/features/dataset1_varroa,centered96_balanced__hog16_hsv.parquet,data/features/dataset1_varroa/centered96_balanced__hog16_hsv.parquet,True,2,4,31,d1_linsvm_031,outputs/models/dataset1_varroa/00_linear_svm/models/d1_linsvm_031__centered96_balanced__hog16_hsv.joblib,linear_svm,linsvm,d1,decision_function,True,3,f1,linear_svm_stage04_v1,train,False,False
dataset1_varroa,centered96_balanced,96,balanced,hog16_only,hog16,False,False,False,data/features/dataset1_varroa/centered96_balanced__hog16_only.parquet,parquet,10246,28,900,928,6064,1288,2894,5123,5123,0,0,,,,,,OK,created_or_overwritten,51.4127,2026-05-25 03:22:16,HOG32 removed from Stage 03 feature grid.,data/features/dataset1_varroa/feature_manifest.csv,data/features/dataset1_varroa,centered96_balanced__hog16_only.parquet,data/features/dataset1_varroa/centered96_balanced__hog16_only.parquet,True,2,5,32,d1_linsvm_032,outputs/models/dataset1_varroa/00_linear_svm/models/d1_linsvm_032__centered96_balanced__hog16_only.joblib,linear_svm,linsvm,d1,decision_function,True,3,f1,linear_svm_stage04_v1,train,False,False
dataset1_varroa,centered96_balanced,96,balanced,hsv_lbp_only,,False,True,True,data/features/dataset1_varroa/centered96_balanced__hsv_lbp_only.parquet,parquet,10246,28,42,70,6064,1288,2894,5123,5123,0,0,,,,,,OK,created_or_overwritten,1.4342,2026-05-25 03:22:16,HOG32 removed from Stage 03 feature grid.,data/features/dataset1_varroa/feature_manifest.csv,data/features/dataset1_varroa,centered96_balanced__hsv_lbp_only.parquet,data/features/dataset1_varroa/centered96_balanced__hsv_lbp_only.parquet,True,2,6,33,d1_linsvm_033,outputs/models/dataset1_varroa/00_linear_svm/models/d1_linsvm_033__centered96_balanced__hsv_lbp_only.joblib,linear_svm,linsvm,d1,decision_function,True,3,f1,linear_svm_stage04_v1,train,False,False
dataset1_varroa,centered96_balanced,96,balanced,hog8_pca_hsv_lbp,hog8,True,True,True,data/features/dataset1_varroa/centered96_balanced__hog8_pca_hsv_lbp.parquet,parquet,10246,28,1084,1112,6064,1288,2894,5123,5123,0,0,train,0.95,1042.0,0.950124204158783,data/features/dataset1_varroa/pca_artifacts/centered96_balanced__hog8_pca.joblib,OK,created_or_overwritten,60.5894,2026-05-25 03:22:16,HOG32 removed from Stage 03 feature grid.,data/features/dataset1_varroa/feature_manifest.csv,data/features/dataset1_varroa,centered96_balanced__hog8_pca_hsv_lbp.parquet,data/features/dataset1_varroa/centered96_balanced__hog8_pca_hsv_lbp.parquet,True,2,7,34,d1_linsvm_034,outputs/models/dataset1_varroa/00_linear_svm/models/d1_linsvm_034__centered96_balanced__hog8_pca_hsv_lbp.joblib,linear_svm,linsvm,d1,decision_function,True,3,f1,linear_svm_stage04_v1,train,False,False
dataset1_varroa,centered96_balanced,96,balanced,hog8_pca_hsv,hog8,True,True,False,data/features/dataset1_varroa/centered96_balanced__hog8_pca_hsv.parquet,parquet,10246,28,1074,1102,6064,1288,2894,5123,5123,0,0,train,0.95,1042.0,0.950124204158783,data/features/dataset1_varroa/pca_artifacts/centered96_balanced__hog8_pca.joblib,OK,created_or_overwritten,60.4253,2026-05-25 03:22:17,HOG32 removed from Stage 03 feature grid.,data/features/dataset1_varroa/feature_manifest.csv,data/features/dataset1_varroa,centered96_balanced__hog8_pca_hsv.parquet,data/features/dataset1_varroa/centered96_balanced__hog8_pca_hsv.parquet,True,2,8,35,d1_linsvm_035,outputs/models/dataset1_varroa/00_linear_svm/models/d1_linsvm_035__centered96_balanced__hog8_pca_hsv.joblib,linear_svm,linsvm,d1,decision_function,True,3,f1,linear_svm_stage04_v1,train,False,False
dataset1_varroa,centered96_balanced,96,balanced,hog8_pca_only,hog8,True,False,False,data/features/dataset1_varroa/centered96_balanced__hog8_pca_only.parquet,parquet,10246,28,1042,1070,6064,1288,2894,5123,5123,0,0,train,0.95,1042.0,0.950124204158783,data/features/dataset1_varroa/pca_artifacts/centered96_balanced__hog8_pca.joblib,OK,created_or_overwritten,59.8195,2026-05-25 03:22:18,HOG32 removed from Stage 03 feature grid.,data/features/dataset1_varroa/feature_manifest.csv,data/features/dataset1_varroa,centered96_balanced__hog8_pca_only.parquet,data/features/dataset1_varroa/centered96_balanced__hog8_pca_only.parquet,True,2,9,36,d1_linsvm_036,outputs/models/dataset1_varroa/00_linear_svm/models/d1_linsvm_036__centered96_balanced__hog8_pca_only.joblib,linear_svm,linsvm,d1,decision_function,True,3,f1,linear_svm_stage04_v1,train,False,False
dataset1_varroa,centered96_balanced,96,balanced,hog16_pca_hsv_lbp,hog16,True,True,True,data/features/dataset1_varroa/centered96_balanced__hog16_pca_hsv_lbp.parquet,parquet,10246,28,297,325,6064,1288,2894,5123,5123,0,0,train,0.95,255.0,0.9502438306808472,data/features/dataset1_varroa/pca_artifacts/centered96_balanced__hog16_pca.joblib,OK,created_or_overwritten,15.9116,2026-05-25 03:22:18,HOG32 removed from Stage 03 feature grid.,data/features/dataset1_varroa/feature_manifest.csv,data/features/dataset1_varroa,centered96_balanced__hog16_pca_hsv_lbp.parquet,data/features/dataset1_varroa/centered96_balanced__hog16_pca_hsv_lbp.parquet,True,2,10,37,d1_linsvm_037,outputs/models/dataset1_varroa/00_linear_svm/models/d1_linsvm_037__centered96_balanced__hog16_pca_hsv_lbp.joblib,linear_svm,linsvm,d1,decision_function,True,3,f1,linear_svm_stage04_v1,train,False,False
dataset1_varroa,centered96_balanced,96,balanced,hog16_pca_hsv,hog16,True,True,False,data/features/dataset1_varroa/centered96_balanced__hog16_pca_hsv.parquet,parquet,10246,28,287,315,6064,1288,2894,5123,5123,0,0,train,0.95,255.0,0.9502438306808472,data/features/dataset1_varroa/pca_artifacts/centered96_balanced__hog16_pca.joblib,OK,created_or_overwritten,15.7476,2026-05-25 03:22:19,HOG32 removed from Stage 03 feature grid.,data/features/dataset1_varroa/feature_manifest.csv,data/features/dataset1_varroa,centered96_balanced__hog16_pca_hsv.parquet,data/features/dataset1_varroa/centered96_balanced__hog16_pca_hsv.parquet,True,2,11,38,d1_linsvm_038,outputs/models/dataset1_varroa/00_linear_svm/models/d1_linsvm_038__centered96_balanced__hog16_pca_hsv.joblib,linear_svm,linsvm,d1,decision_function,True,3,f1,linear_svm_stage04_v1,train,False,False
dataset1_varroa,centered96_balanced,96,balanced,hog16_pca_only,hog16,True,False,False,data/features/dataset1_varroa/centered96_balanced__hog16_pca_only.parquet,parquet,10246,28,255,283,6064,1288,2894,5123,5123,0,0,train,0.95,255.0,0.9502438306808472,data/features/dataset1_varroa/pca_artifacts/centered96_balanced__hog16_pca.joblib,OK,created_or_overwritten,15.1417,2026-05-25 03:22:19,HOG32 removed from Stage 03 feature grid.,data/features/dataset1_varroa/feature_manifest.csv,data/features/dataset1_varroa,centered96_balanced__hog16_pca_only.parquet,data/features/dataset1_varroa/centered96_balanced__hog16_pca_only.parquet,True,2,12,39,d1_linsvm_039,outputs/models/dataset1_varroa/00_linear_svm/models/d1_linsvm_039__centered96_balanced__hog16_pca_only.joblib,linear_svm,linsvm,d1,decision_function,True,3,f1,linear_svm_stage04_v1,train,False,False
dataset1_varroa,centered96_neg4x,96,neg4x,hog8_hsv_lbp,hog8,False,True,True,data/features/dataset1_varroa/centered96_neg4x__hog8_hsv_lbp.parquet,parquet,25615,28,4398,4426,15160,3220,7235,5123,20492,0,0,,,,,,OK,created_or_overwritten,583.7506,2026-05-25 03:25:36,HOG32 removed from Stage 03 feature grid.,data/features/dataset1_varroa/feature_manifest.csv,data/features/dataset1_varroa,centered96_neg4x__hog8_hsv_lbp.parquet,data/features/dataset1_varroa/centered96_neg4x__hog8_hsv_lbp.parquet,True,3,0,40,d1_linsvm_040,outputs/models/dataset1_varroa/00_linear_svm/models/d1_linsvm_040__centered96_neg4x__hog8_hsv_lbp.joblib,linear_svm,linsvm,d1,decision_function,True,3,f1,linear_svm_stage04_v1,train,False,False
dataset1_varroa,centered96_neg4x,96,neg4x,hog8_hsv,hog8,False,True,False,data/features/dataset1_varroa/centered96_neg4x__hog8_hsv.parquet,parquet,25615,28,4388,4416,15160,3220,7235,5123,20492,0,0,,,,,,OK,created_or_overwritten,583.3801,2026-05-25 03:25:43,HOG32 removed from Stage 03 feature grid.,data/features/dataset1_varroa/feature_manifest.csv,data/features/dataset1_varroa,centered96_neg4x__hog8_hsv.parquet,data/features/dataset1_varroa/centered96_neg4x__hog8_hsv.parquet,True,3,1,41,d1_linsvm_041,outputs/models/dataset1_varroa/00_linear_svm/models/d1_linsvm_041__centered96_neg4x__hog8_hsv.joblib,linear_svm,linsvm,d1,decision_function,True,3,f1,linear_svm_stage04_v1,train,False,False
dataset1_varroa,centered96_neg4x,96,neg4x,hog8_only,hog8,False,False,False,data/features/dataset1_varroa/centered96_neg4x__hog8_only.parquet,parquet,25615,28,4356,4384,15160,3220,7235,5123,20492,0,0,,,,,,OK,created_or_overwritten,582.0686,2026-05-25 03:25:50,HOG32 removed from Stage 03 feature grid.,data/features/dataset1_varroa/feature_manifest.csv,data/features/dataset1_varroa,centered96_neg4x__hog8_only.parquet,data/features/dataset1_varroa/centered96_neg4x__hog8_only.parquet,True,3,2,42,d1_linsvm_042,outputs/models/dataset1_varroa/00_linear_svm/models/d1_linsvm_042__centered96_neg4x__hog8_only.joblib,linear_svm,linsvm,d1,decision_function,True,3,f1,linear_svm_stage04_v1,train,False,False
dataset1_varroa,centered96_neg4x,96,neg4x,hog16_hsv_lbp,hog16,False,True,True,data/features/dataset1_varroa/centered96_neg4x__hog16_hsv_lbp.parquet,parquet,25615,28,942,970,15160,3220,7235,5123,20492,0,0,,,,,,OK,created_or_overwritten,131.6656,2026-05-25 03:25:52,HOG32 removed from Stage 03 feature grid.,data/features/dataset1_varroa/feature_manifest.csv,data/features/dataset1_varroa,centered96_neg4x__hog16_hsv_lbp.parquet,data/features/dataset1_varroa/centered96_neg4x__hog16_hsv_lbp.parquet,True,3,3,43,d1_linsvm_043,outputs/models/dataset1_varroa/00_linear_svm/models/d1_linsvm_043__centered96_neg4x__hog16_hsv_lbp.joblib,linear_svm,linsvm,d1,decision_function,True,3,f1,linear_svm_stage04_v1,train,False,False
dataset1_varroa,centered96_neg4x,96,neg4x,hog16_hsv,hog16,False,True,False,data/features/dataset1_varroa/centered96_neg4x__hog16_hsv.parquet,parquet,25615,28,932,960,15160,3220,7235,5123,20492,0,0,,,,,,OK,created_or_overwritten,131.295,2026-05-25 03:25:53,HOG32 removed from Stage 03 feature grid.,data/features/dataset1_varroa/feature_manifest.csv,data/features/dataset1_varroa,centered96_neg4x__hog16_hsv.parquet,data/features/dataset1_varroa/centered96_neg4x__hog16_hsv.parquet,True,3,4,44,d1_linsvm_044,outputs/models/dataset1_varroa/00_linear_svm/models/d1_linsvm_044__centered96_neg4x__hog16_hsv.joblib,linear_svm,linsvm,d1,decision_function,True,3,f1,linear_svm_stage04_v1,train,False,False
dataset1_varroa,centered96_neg4x,96,neg4x,hog16_only,hog16,False,False,False,data/features/dataset1_varroa/centered96_neg4x__hog16_only.parquet,parquet,25615,28,900,928,15160,3220,7235,5123,20492,0,0,,,,,,OK,created_or_overwritten,129.9835,2026-05-25 03:25:55,HOG32 removed from Stage 03 feature grid.,data/features/dataset1_varroa/feature_manifest.csv,data/features/dataset1_varroa,centered96_neg4x__hog16_only.parquet,data/features/dataset1_varroa/centered96_neg4x__hog16_only.parquet,True,3,5,45,d1_linsvm_045,outputs/models/dataset1_varroa/00_linear_svm/models/d1_linsvm_045__centered96_neg4x__hog16_only.joblib,linear_svm,linsvm,d1,decision_function,True,3,f1,linear_svm_stage04_v1,train,False,False
dataset1_varroa,centered96_neg4x,96,neg4x,hsv_lbp_only,,False,True,True,data/features/dataset1_varroa/centered96_neg4x__hsv_lbp_only.parquet,parquet,25615,28,42,70,15160,3220,7235,5123,20492,0,0,,,,,,OK,created_or_overwritten,3.2108,2026-05-25 03:25:55,HOG32 removed from Stage 03 feature grid.,data/features/dataset1_varroa/feature_manifest.csv,data/features/dataset1_varroa,centered96_neg4x__hsv_lbp_only.parquet,data/features/dataset1_varroa/centered96_neg4x__hsv_lbp_only.parquet,True,3,6,46,d1_linsvm_046,outputs/models/dataset1_varroa/00_linear_svm/models/d1_linsvm_046__centered96_neg4x__hsv_lbp_only.joblib,linear_svm,linsvm,d1,decision_function,True,3,f1,linear_svm_stage04_v1,train,False,False
dataset1_varroa,centered96_neg4x,96,neg4x,hog8_pca_hsv_lbp,hog8,True,True,True,data/features/dataset1_varroa/centered96_neg4x__hog8_pca_hsv_lbp.parquet,parquet,25615,28,1147,1175,15160,3220,7235,5123,20492,0,0,train,0.95,1105.0,0.9501655101776124,data/features/dataset1_varroa/pca_artifacts/centered96_neg4x__hog8_pca.joblib,OK,created_or_overwritten,162.509,2026-05-25 03:25:57,HOG32 removed from Stage 03 feature grid.,data/features/dataset1_varroa/feature_manifest.csv,data/features/dataset1_varroa,centered96_neg4x__hog8_pca_hsv_lbp.parquet,data/features/dataset1_varroa/centered96_neg4x__hog8_pca_hsv_lbp.parquet,True,3,7,47,d1_linsvm_047,outputs/models/dataset1_varroa/00_linear_svm/models/d1_linsvm_047__centered96_neg4x__hog8_pca_hsv_lbp.joblib,linear_svm,linsvm,d1,decision_function,True,3,f1,linear_svm_stage04_v1,train,False,False
dataset1_varroa,centered96_neg4x,96,neg4x,hog8_pca_hsv,hog8,True,True,False,data/features/dataset1_varroa/centered96_neg4x__hog8_pca_hsv.parquet,parquet,25615,28,1137,1165,15160,3220,7235,5123,20492,0,0,train,0.95,1105.0,0.9501655101776124,data/features/dataset1_varroa/pca_artifacts/centered96_neg4x__hog8_pca.joblib,OK,created_or_overwritten,162.1385,2026-05-25 03:25:59,HOG32 removed from Stage 03 feature grid.,data/features/dataset1_varroa/feature_manifest.csv,data/features/dataset1_varroa,centered96_neg4x__hog8_pca_hsv.parquet,data/features/dataset1_varroa/centered96_neg4x__hog8_pca_hsv.parquet,True,3,8,48,d1_linsvm_048,outputs/models/dataset1_varroa/00_linear_svm/models/d1_linsvm_048__centered96_neg4x__hog8_pca_hsv.joblib,linear_svm,linsvm,d1,decision_function,True,3,f1,linear_svm_stage04_v1,train,False,False
dataset1_varroa,centered96_neg4x,96,neg4x,hog8_pca_only,hog8,True,False,False,data/features/dataset1_varroa/centered96_neg4x__hog8_pca_only.parquet,parquet,25615,28,1105,1133,15160,3220,7235,5123,20492,0,0,train,0.95,1105.0,0.9501655101776124,data/features/dataset1_varroa/pca_artifacts/centered96_neg4x__hog8_pca.joblib,OK,created_or_overwritten,160.827,2026-05-25 03:26:01,HOG32 removed from Stage 03 feature grid.,data/features/dataset1_varroa/feature_manifest.csv,data/features/dataset1_varroa,centered96_neg4x__hog8_pca_only.parquet,data/features/dataset1_varroa/centered96_neg4x__hog8_pca_only.parquet,True,3,9,49,d1_linsvm_049,outputs/models/dataset1_varroa/00_linear_svm/models/d1_linsvm_049__centered96_neg4x__hog8_pca_only.joblib,linear_svm,linsvm,d1,decision_function,True,3,f1,linear_svm_stage04_v1,train,False,False
dataset1_varroa,centered96_neg4x,96,neg4x,hog16_pca_hsv_lbp,hog16,True,True,True,data/features/dataset1_varroa/centered96_neg4x__hog16_pca_hsv_lbp.parquet,parquet,25615,28,305,333,15160,3220,7235,5123,20492,0,0,train,0.95,263.0,0.9504147171974182,data/features/dataset1_varroa/pca_artifacts/centered96_neg4x__hog16_pca.joblib,OK,created_or_overwritten,41.1189,2026-05-25 03:26:01,HOG32 removed from Stage 03 feature grid.,data/features/dataset1_varroa/feature_manifest.csv,data/features/dataset1_varroa,centered96_neg4x__hog16_pca_hsv_lbp.parquet,data/features/dataset1_varroa/centered96_neg4x__hog16_pca_hsv_lbp.parquet,True,3,10,50,d1_linsvm_050,outputs/models/dataset1_varroa/00_linear_svm/models/d1_linsvm_050__centered96_neg4x__hog16_pca_hsv_lbp.joblib,linear_svm,linsvm,d1,decision_function,True,3,f1,linear_svm_stage04_v1,train,False,False
dataset1_varroa,centered96_neg4x,96,neg4x,hog16_pca_hsv,hog16,True,True,False,data/features/dataset1_varroa/centered96_neg4x__hog16_pca_hsv.parquet,parquet,25615,28,295,323,15160,3220,7235,5123,20492,0,0,train,0.95,263.0,0.9504147171974182,data/features/dataset1_varroa/pca_artifacts/centered96_neg4x__hog16_pca.joblib,OK,created_or_overwritten,40.7484,2026-05-25 03:26:02,HOG32 removed from Stage 03 feature grid.,data/features/dataset1_varroa/feature_manifest.csv,data/features/dataset1_varroa,centered96_neg4x__hog16_pca_hsv.parquet,data/features/dataset1_varroa/centered96_neg4x__hog16_pca_hsv.parquet,True,3,11,51,d1_linsvm_051,outputs/models/dataset1_varroa/00_linear_svm/models/d1_linsvm_051__centered96_neg4x__hog16_pca_hsv.joblib,linear_svm,linsvm,d1,decision_function,True,3,f1,linear_svm_stage04_v1,train,False,False
dataset1_varroa,centered96_neg4x,96,neg4x,hog16_pca_only,hog16,True,False,False,data/features/dataset1_varroa/centered96_neg4x__hog16_pca_only.parquet,parquet,25615,28,263,291,15160,3220,7235,5123,20492,0,0,train,0.95,263.0,0.9504147171974182,data/features/dataset1_varroa/pca_artifacts/centered96_neg4x__hog16_pca.joblib,OK,created_or_overwritten,39.437,2026-05-25 03:26:02,HOG32 removed from Stage 03 feature grid.,data/features/dataset1_varroa/feature_manifest.csv,data/features/dataset1_varroa,centered96_neg4x__hog16_pca_only.parquet,data/features/dataset1_varroa/centered96_neg4x__hog16_pca_only.parquet,True,3,12,52,d1_linsvm_052,outputs/models/dataset1_varroa/00_linear_svm/models/d1_linsvm_052__centered96_neg4x__hog16_pca_only.joblib,linear_svm,linsvm,d1,decision_function,True,3,f1,linear_svm_stage04_v1,train,False,False
dataset1_varroa,centered112_balanced,112,balanced,hog8_hsv_lbp,hog8,False,True,True,data/features/dataset1_varroa/centered112_balanced__hog8_hsv_lbp.parquet,parquet,10246,28,6126,6154,6064,1288,2894,5123,5123,0,0,,,,,,OK,created_or_overwritten,324.5843,2026-05-25 03:28:11,HOG32 removed from Stage 03 feature grid.,data/features/dataset1_varroa/feature_manifest.csv,data/features/dataset1_varroa,centered112_balanced__hog8_hsv_lbp.parquet,data/features/dataset1_varroa/centered112_balanced__hog8_hsv_lbp.parquet,True,4,0,53,d1_linsvm_053,outputs/models/dataset1_varroa/00_linear_svm/models/d1_linsvm_053__centered112_balanced__hog8_hsv_lbp.joblib,linear_svm,linsvm,d1,decision_function,True,3,f1,linear_svm_stage04_v1,train,False,False
dataset1_varroa,centered112_balanced,112,balanced,hog8_hsv,hog8,False,True,False,data/features/dataset1_varroa/centered112_balanced__hog8_hsv.parquet,parquet,10246,28,6116,6144,6064,1288,2894,5123,5123,0,0,,,,,,OK,created_or_overwritten,324.4089,2026-05-25 03:28:16,HOG32 removed from Stage 03 feature grid.,data/features/dataset1_varroa/feature_manifest.csv,data/features/dataset1_varroa,centered112_balanced__hog8_hsv.parquet,data/features/dataset1_varroa/centered112_balanced__hog8_hsv.parquet,True,4,1,54,d1_linsvm_054,outputs/models/dataset1_varroa/00_linear_svm/models/d1_linsvm_054__centered112_balanced__hog8_hsv.joblib,linear_svm,linsvm,d1,decision_function,True,3,f1,linear_svm_stage04_v1,train,False,False
dataset1_varroa,centered112_balanced,112,balanced,hog8_only,hog8,False,False,False,data/features/dataset1_varroa/centered112_balanced__hog8_only.parquet,parquet,10246,28,6084,6112,6064,1288,2894,5123,5123,0,0,,,,,,OK,created_or_overwritten,323.74,2026-05-25 03:28:21,HOG32 removed from Stage 03 feature grid.,data/features/dataset1_varroa/feature_manifest.csv,data/features/dataset1_varroa,centered112_balanced__hog8_only.parquet,data/features/dataset1_varroa/centered112_balanced__hog8_only.parquet,True,4,2,55,d1_linsvm_055,outputs/models/dataset1_varroa/00_linear_svm/models/d1_linsvm_055__centered112_balanced__hog8_only.joblib,linear_svm,linsvm,d1,decision_function,True,3,f1,linear_svm_stage04_v1,train,False,False
dataset1_varroa,centered112_balanced,112,balanced,hog16_hsv_lbp,hog16,False,True,True,data/features/dataset1_varroa/centered112_balanced__hog16_hsv_lbp.parquet,parquet,10246,28,1338,1366,6064,1288,2894,5123,5123,0,0,,,,,,OK,created_or_overwritten,74.6106,2026-05-25 03:28:22,HOG32 removed from Stage 03 feature grid.,data/features/dataset1_varroa/feature_manifest.csv,data/features/dataset1_varroa,centered112_balanced__hog16_hsv_lbp.parquet,data/features/dataset1_varroa/centered112_balanced__hog16_hsv_lbp.parquet,True,4,3,56,d1_linsvm_056,outputs/models/dataset1_varroa/00_linear_svm/models/d1_linsvm_056__centered112_balanced__hog16_hsv_lbp.joblib,linear_svm,linsvm,d1,decision_function,True,3,f1,linear_svm_stage04_v1,train,False,False
dataset1_varroa,centered112_balanced,112,balanced,hog16_hsv,hog16,False,True,False,data/features/dataset1_varroa/centered112_balanced__hog16_hsv.parquet,parquet,10246,28,1328,1356,6064,1288,2894,5123,5123,0,0,,,,,,OK,created_or_overwritten,74.4353,2026-05-25 03:28:23,HOG32 removed from Stage 03 feature grid.,data/features/dataset1_varroa/feature_manifest.csv,data/features/dataset1_varroa,centered112_balanced__hog16_hsv.parquet,data/features/dataset1_varroa/centered112_balanced__hog16_hsv.parquet,True,4,4,57,d1_linsvm_057,outputs/models/dataset1_varroa/00_linear_svm/models/d1_linsvm_057__centered112_balanced__hog16_hsv.joblib,linear_svm,linsvm,d1,decision_function,True,3,f1,linear_svm_stage04_v1,train,False,False
dataset1_varroa,centered112_balanced,112,balanced,hog16_only,hog16,False,False,False,data/features/dataset1_varroa/centered112_balanced__hog16_only.parquet,parquet,10246,28,1296,1324,6064,1288,2894,5123,5123,0,0,,,,,,OK,created_or_overwritten,73.7664,2026-05-25 03:28:24,HOG32 removed from Stage 03 feature grid.,data/features/dataset1_varroa/feature_manifest.csv,data/features/dataset1_varroa,centered112_balanced__hog16_only.parquet,data/features/dataset1_varroa/centered112_balanced__hog16_only.parquet,True,4,5,58,d1_linsvm_058,outputs/models/dataset1_varroa/00_linear_svm/models/d1_linsvm_058__centered112_balanced__hog16_only.joblib,linear_svm,linsvm,d1,decision_function,True,3,f1,linear_svm_stage04_v1,train,False,False
dataset1_varroa,centered112_balanced,112,balanced,hsv_lbp_only,,False,True,True,data/features/dataset1_varroa/centered112_balanced__hsv_lbp_only.parquet,parquet,10246,28,42,70,6064,1288,2894,5123,5123,0,0,,,,,,OK,created_or_overwritten,1.5085,2026-05-25 03:28:24,HOG32 removed from Stage 03 feature grid.,data/features/dataset1_varroa/feature_manifest.csv,data/features/dataset1_varroa,centered112_balanced__hsv_lbp_only.parquet,data/features/dataset1_varroa/centered112_balanced__hsv_lbp_only.parquet,True,4,6,59,d1_linsvm_059,outputs/models/dataset1_varroa/00_linear_svm/models/d1_linsvm_059__centered112_balanced__hsv_lbp_only.joblib,linear_svm,linsvm,d1,decision_function,True,3,f1,linear_svm_stage04_v1,train,False,False
dataset1_varroa,centered112_balanced,112,balanced,hog8_pca_hsv_lbp,hog8,True,True,True,data/features/dataset1_varroa/centered112_balanced__hog8_pca_hsv_lbp.parquet,parquet,10246,28,1417,1445,6064,1288,2894,5123,5123,0,0,train,0.95,1375.0,0.9500457048416138,data/features/dataset1_varroa/pca_artifacts/centered112_balanced__hog8_pca.joblib,OK,created_or_overwritten,79.5684,2026-05-25 03:28:25,HOG32 removed from Stage 03 feature grid.,data/features/dataset1_varroa/feature_manifest.csv,data/features/dataset1_varroa,centered112_balanced__hog8_pca_hsv_lbp.parquet,data/features/dataset1_varroa/centered112_balanced__hog8_pca_hsv_lbp.parquet,True,4,7,60,d1_linsvm_060,outputs/models/dataset1_varroa/00_linear_svm/models/d1_linsvm_060__centered112_balanced__hog8_pca_hsv_lbp.joblib,linear_svm,linsvm,d1,decision_function,True,3,f1,linear_svm_stage04_v1,train,False,False
dataset1_varroa,centered112_balanced,112,balanced,hog8_pca_hsv,hog8,True,True,False,data/features/dataset1_varroa/centered112_balanced__hog8_pca_hsv.parquet,parquet,10246,28,1407,1435,6064,1288,2894,5123,5123,0,0,train,0.95,1375.0,0.9500457048416138,data/features/dataset1_varroa/pca_artifacts/centered112_balanced__hog8_pca.joblib,OK,created_or_overwritten,79.393,2026-05-25 03:28:26,HOG32 removed from Stage 03 feature grid.,data/features/dataset1_varroa/feature_manifest.csv,data/features/dataset1_varroa,centered112_balanced__hog8_pca_hsv.parquet,data/features/dataset1_varroa/centered112_balanced__hog8_pca_hsv.parquet,True,4,8,61,d1_linsvm_061,outputs/models/dataset1_varroa/00_linear_svm/models/d1_linsvm_061__centered112_balanced__hog8_pca_hsv.joblib,linear_svm,linsvm,d1,decision_function,True,3,f1,linear_svm_stage04_v1,train,False,False
dataset1_varroa,centered112_balanced,112,balanced,hog8_pca_only,hog8,True,False,False,data/features/dataset1_varroa/centered112_balanced__hog8_pca_only.parquet,parquet,10246,28,1375,1403,6064,1288,2894,5123,5123,0,0,train,0.95,1375.0,0.9500457048416138,data/features/dataset1_varroa/pca_artifacts/centered112_balanced__hog8_pca.joblib,OK,created_or_overwritten,78.7241,2026-05-25 03:28:27,HOG32 removed from Stage 03 feature grid.,data/features/dataset1_varroa/feature_manifest.csv,data/features/dataset1_varroa,centered112_balanced__hog8_pca_only.parquet,data/features/dataset1_varroa/centered112_balanced__hog8_pca_only.parquet,True,4,9,62,d1_linsvm_062,outputs/models/dataset1_varroa/00_linear_svm/models/d1_linsvm_062__centered112_balanced__hog8_pca_only.joblib,linear_svm,linsvm,d1,decision_function,True,3,f1,linear_svm_stage04_v1,train,False,False
dataset1_varroa,centered112_balanced,112,balanced,hog16_pca_hsv_lbp,hog16,True,True,True,data/features/dataset1_varroa/centered112_balanced__hog16_pca_hsv_lbp.parquet,parquet,10246,28,390,418,6064,1288,2894,5123,5123,0,0,train,0.95,348.0,0.9501897096633912,data/features/dataset1_varroa/pca_artifacts/centered112_balanced__hog16_pca.joblib,OK,created_or_overwritten,21.266,2026-05-25 03:28:28,HOG32 removed from Stage 03 feature grid.,data/features/dataset1_varroa/feature_manifest.csv,data/features/dataset1_varroa,centered112_balanced__hog16_pca_hsv_lbp.parquet,data/features/dataset1_varroa/centered112_balanced__hog16_pca_hsv_lbp.parquet,True,4,10,63,d1_linsvm_063,outputs/models/dataset1_varroa/00_linear_svm/models/d1_linsvm_063__centered112_balanced__hog16_pca_hsv_lbp.joblib,linear_svm,linsvm,d1,decision_function,True,3,f1,linear_svm_stage04_v1,train,False,False
dataset1_varroa,centered112_balanced,112,balanced,hog16_pca_hsv,hog16,True,True,False,data/features/dataset1_varroa/centered112_balanced__hog16_pca_hsv.parquet,parquet,10246,28,380,408,6064,1288,2894,5123,5123,0,0,train,0.95,348.0,0.9501897096633912,data/features/dataset1_varroa/pca_artifacts/centered112_balanced__hog16_pca.joblib,OK,created_or_overwritten,21.0907,2026-05-25 03:28:28,HOG32 removed from Stage 03 feature grid.,data/features/dataset1_varroa/feature_manifest.csv,data/features/dataset1_varroa,centered112_balanced__hog16_pca_hsv.parquet,data/features/dataset1_varroa/centered112_balanced__hog16_pca_hsv.parquet,True,4,11,64,d1_linsvm_064,outputs/models/dataset1_varroa/00_linear_svm/models/d1_linsvm_064__centered112_balanced__hog16_pca_hsv.joblib,linear_svm,linsvm,d1,decision_function,True,3,f1,linear_svm_stage04_v1,train,False,False
dataset1_varroa,centered112_balanced,112,balanced,hog16_pca_only,hog16,True,False,False,data/features/dataset1_varroa/centered112_balanced__hog16_pca_only.parquet,parquet,10246,28,348,376,6064,1288,2894,5123,5123,0,0,train,0.95,348.0,0.9501897096633912,data/features/dataset1_varroa/pca_artifacts/centered112_balanced__hog16_pca.joblib,OK,created_or_overwritten,20.4218,2026-05-25 03:28:28,HOG32 removed from Stage 03 feature grid.,data/features/dataset1_varroa/feature_manifest.csv,data/features/dataset1_varroa,centered112_balanced__hog16_pca_only.parquet,data/features/dataset1_varroa/centered112_balanced__hog16_pca_only.parquet,True,4,12,65,d1_linsvm_065,outputs/models/dataset1_varroa/00_linear_svm/models/d1_linsvm_065__centered112_balanced__hog16_pca_only.joblib,linear_svm,linsvm,d1,decision_function,True,3,f1,linear_svm_stage04_v1,train,False,False
dataset1_varroa,centered112_neg4x,112,neg4x,hog8_hsv_lbp,hog8,False,True,True,data/features/dataset1_varroa/centered112_neg4x__hog8_hsv_lbp.parquet,parquet,25615,28,6126,6154,15160,3220,7235,5123,20492,0,0,,,,,,OK,created_or_overwritten,814.9199,2026-05-25 03:33:02,HOG32 removed from Stage 03 feature grid.,data/features/dataset1_varroa/feature_manifest.csv,data/features/dataset1_varroa,centered112_neg4x__hog8_hsv_lbp.parquet,data/features/dataset1_varroa/centered112_neg4x__hog8_hsv_lbp.parquet,True,5,0,66,d1_linsvm_066,outputs/models/dataset1_varroa/00_linear_svm/models/d1_linsvm_066__centered112_neg4x__hog8_hsv_lbp.joblib,linear_svm,linsvm,d1,decision_function,True,3,f1,linear_svm_stage04_v1,train,False,False
dataset1_varroa,centered112_neg4x,112,neg4x,hog8_hsv,hog8,False,True,False,data/features/dataset1_varroa/centered112_neg4x__hog8_hsv.parquet,parquet,25615,28,6116,6144,15160,3220,7235,5123,20492,0,0,,,,,,OK,created_or_overwritten,814.5223,2026-05-25 03:33:13,HOG32 removed from Stage 03 feature grid.,data/features/dataset1_varroa/feature_manifest.csv,data/features/dataset1_varroa,centered112_neg4x__hog8_hsv.parquet,data/features/dataset1_varroa/centered112_neg4x__hog8_hsv.parquet,True,5,1,67,d1_linsvm_067,outputs/models/dataset1_varroa/00_linear_svm/models/d1_linsvm_067__centered112_neg4x__hog8_hsv.joblib,linear_svm,linsvm,d1,decision_function,True,3,f1,linear_svm_stage04_v1,train,False,False
dataset1_varroa,centered112_neg4x,112,neg4x,hog8_only,hog8,False,False,False,data/features/dataset1_varroa/centered112_neg4x__hog8_only.parquet,parquet,25615,28,6084,6112,15160,3220,7235,5123,20492,0,0,,,,,,OK,created_or_overwritten,813.0728,2026-05-25 03:33:23,HOG32 removed from Stage 03 feature grid.,data/features/dataset1_varroa/feature_manifest.csv,data/features/dataset1_varroa,centered112_neg4x__hog8_only.parquet,data/features/dataset1_varroa/centered112_neg4x__hog8_only.parquet,True,5,2,68,d1_linsvm_068,outputs/models/dataset1_varroa/00_linear_svm/models/d1_linsvm_068__centered112_neg4x__hog8_only.joblib,linear_svm,linsvm,d1,decision_function,True,3,f1,linear_svm_stage04_v1,train,False,False
dataset1_varroa,centered112_neg4x,112,neg4x,hog16_hsv_lbp,hog16,False,True,True,data/features/dataset1_varroa/centered112_neg4x__hog16_hsv_lbp.parquet,parquet,25615,28,1338,1366,15160,3220,7235,5123,20492,0,0,,,,,,OK,created_or_overwritten,188.4164,2026-05-25 03:33:25,HOG32 removed from Stage 03 feature grid.,data/features/dataset1_varroa/feature_manifest.csv,data/features/dataset1_varroa,centered112_neg4x__hog16_hsv_lbp.parquet,data/features/dataset1_varroa/centered112_neg4x__hog16_hsv_lbp.parquet,True,5,3,69,d1_linsvm_069,outputs/models/dataset1_varroa/00_linear_svm/models/d1_linsvm_069__centered112_neg4x__hog16_hsv_lbp.joblib,linear_svm,linsvm,d1,decision_function,True,3,f1,linear_svm_stage04_v1,train,False,False
dataset1_varroa,centered112_neg4x,112,neg4x,hog16_hsv,hog16,False,True,False,data/features/dataset1_varroa/centered112_neg4x__hog16_hsv.parquet,parquet,25615,28,1328,1356,15160,3220,7235,5123,20492,0,0,,,,,,OK,created_or_overwritten,188.0188,2026-05-25 03:33:28,HOG32 removed from Stage 03 feature grid.,data/features/dataset1_varroa/feature_manifest.csv,data/features/dataset1_varroa,centered112_neg4x__hog16_hsv.parquet,data/features/dataset1_varroa/centered112_neg4x__hog16_hsv.parquet,True,5,4,70,d1_linsvm_070,outputs/models/dataset1_varroa/00_linear_svm/models/d1_linsvm_070__centered112_neg4x__hog16_hsv.joblib,linear_svm,linsvm,d1,decision_function,True,3,f1,linear_svm_stage04_v1,train,False,False
dataset1_varroa,centered112_neg4x,112,neg4x,hog16_only,hog16,False,False,False,data/features/dataset1_varroa/centered112_neg4x__hog16_only.parquet,parquet,25615,28,1296,1324,15160,3220,7235,5123,20492,0,0,,,,,,OK,created_or_overwritten,186.5693,2026-05-25 03:33:30,HOG32 removed from Stage 03 feature grid.,data/features/dataset1_varroa/feature_manifest.csv,data/features/dataset1_varroa,centered112_neg4x__hog16_only.parquet,data/features/dataset1_varroa/centered112_neg4x__hog16_only.parquet,True,5,5,71,d1_linsvm_071,outputs/models/dataset1_varroa/00_linear_svm/models/d1_linsvm_071__centered112_neg4x__hog16_only.joblib,linear_svm,linsvm,d1,decision_function,True,3,f1,linear_svm_stage04_v1,train,False,False
dataset1_varroa,centered112_neg4x,112,neg4x,hsv_lbp_only,,False,True,True,data/features/dataset1_varroa/centered112_neg4x__hsv_lbp_only.parquet,parquet,25615,28,42,70,15160,3220,7235,5123,20492,0,0,,,,,,OK,created_or_overwritten,3.3755,2026-05-25 03:33:30,HOG32 removed from Stage 03 feature grid.,data/features/dataset1_varroa/feature_manifest.csv,data/features/dataset1_varroa,centered112_neg4x__hsv_lbp_only.parquet,data/features/dataset1_varroa/centered112_neg4x__hsv_lbp_only.parquet,True,5,6,72,d1_linsvm_072,outputs/models/dataset1_varroa/00_linear_svm/models/d1_linsvm_072__centered112_neg4x__hsv_lbp_only.joblib,linear_svm,linsvm,d1,decision_function,True,3,f1,linear_svm_stage04_v1,train,False,False
dataset1_varroa,centered112_neg4x,112,neg4x,hog8_pca_hsv_lbp,hog8,True,True,True,data/features/dataset1_varroa/centered112_neg4x__hog8_pca_hsv_lbp.parquet,parquet,25615,28,1536,1564,15160,3220,7235,5123,20492,0,0,train,0.95,1494.0,0.9500818848609924,data/features/dataset1_varroa/pca_artifacts/centered112_neg4x__hog8_pca.joblib,OK,created_or_overwritten,218.7609,2026-05-25 03:33:32,HOG32 removed from Stage 03 feature grid.,data/features/dataset1_varroa/feature_manifest.csv,data/features/dataset1_varroa,centered112_neg4x__hog8_pca_hsv_lbp.parquet,data/features/dataset1_varroa/centered112_neg4x__hog8_pca_hsv_lbp.parquet,True,5,7,73,d1_linsvm_073,outputs/models/dataset1_varroa/00_linear_svm/models/d1_linsvm_073__centered112_neg4x__hog8_pca_hsv_lbp.joblib,linear_svm,linsvm,d1,decision_function,True,3,f1,linear_svm_stage04_v1,train,False,False
dataset1_varroa,centered112_neg4x,112,neg4x,hog8_pca_hsv,hog8,True,True,False,data/features/dataset1_varroa/centered112_neg4x__hog8_pca_hsv.parquet,parquet,25615,28,1526,1554,15160,3220,7235,5123,20492,0,0,train,0.95,1494.0,0.9500818848609924,data/features/dataset1_varroa/pca_artifacts/centered112_neg4x__hog8_pca.joblib,OK,created_or_overwritten,218.3633,2026-05-25 03:33:35,HOG32 removed from Stage 03 feature grid.,data/features/dataset1_varroa/feature_manifest.csv,data/features/dataset1_varroa,centered112_neg4x__hog8_pca_hsv.parquet,data/features/dataset1_varroa/centered112_neg4x__hog8_pca_hsv.parquet,True,5,8,74,d1_linsvm_074,outputs/models/dataset1_varroa/00_linear_svm/models/d1_linsvm_074__centered112_neg4x__hog8_pca_hsv.joblib,linear_svm,linsvm,d1,decision_function,True,3,f1,linear_svm_stage04_v1,train,False,False
dataset1_varroa,centered112_neg4x,112,neg4x,hog8_pca_only,hog8,True,False,False,data/features/dataset1_varroa/centered112_neg4x__hog8_pca_only.parquet,parquet,25615,28,1494,1522,15160,3220,7235,5123,20492,0,0,train,0.95,1494.0,0.9500818848609924,data/features/dataset1_varroa/pca_artifacts/centered112_neg4x__hog8_pca.joblib,OK,created_or_overwritten,216.9138,2026-05-25 03:33:38,HOG32 removed from Stage 03 feature grid.,data/features/dataset1_varroa/feature_manifest.csv,data/features/dataset1_varroa,centered112_neg4x__hog8_pca_only.parquet,data/features/dataset1_varroa/centered112_neg4x__hog8_pca_only.parquet,True,5,9,75,d1_linsvm_075,outputs/models/dataset1_varroa/00_linear_svm/models/d1_linsvm_075__centered112_neg4x__hog8_pca_only.joblib,linear_svm,linsvm,d1,decision_function,True,3,f1,linear_svm_stage04_v1,train,False,False
dataset1_varroa,centered112_neg4x,112,neg4x,hog16_pca_hsv_lbp,hog16,True,True,True,data/features/dataset1_varroa/centered112_neg4x__hog16_pca_hsv_lbp.parquet,parquet,25615,28,401,429,15160,3220,7235,5123,20492,0,0,train,0.95,359.0,0.9501409530639648,data/features/dataset1_varroa/pca_artifacts/centered112_neg4x__hog16_pca.joblib,OK,created_or_overwritten,55.1272,2026-05-25 03:33:38,HOG32 removed from Stage 03 feature grid.,data/features/dataset1_varroa/feature_manifest.csv,data/features/dataset1_varroa,centered112_neg4x__hog16_pca_hsv_lbp.parquet,data/features/dataset1_varroa/centered112_neg4x__hog16_pca_hsv_lbp.parquet,True,5,10,76,d1_linsvm_076,outputs/models/dataset1_varroa/00_linear_svm/models/d1_linsvm_076__centered112_neg4x__hog16_pca_hsv_lbp.joblib,linear_svm,linsvm,d1,decision_function,True,3,f1,linear_svm_stage04_v1,train,False,False
dataset1_varroa,centered112_neg4x,112,neg4x,hog16_pca_hsv,hog16,True,True,False,data/features/dataset1_varroa/centered112_neg4x__hog16_pca_hsv.parquet,parquet,25615,28,391,419,15160,3220,7235,5123,20492,0,0,train,0.95,359.0,0.9501409530639648,data/features/dataset1_varroa/pca_artifacts/centered112_neg4x__hog16_pca.joblib,OK,created_or_overwritten,54.7297,2026-05-25 03:33:39,HOG32 removed from Stage 03 feature grid.,data/features/dataset1_varroa/feature_manifest.csv,data/features/dataset1_varroa,centered112_neg4x__hog16_pca_hsv.parquet,data/features/dataset1_varroa/centered112_neg4x__hog16_pca_hsv.parquet,True,5,11,77,d1_linsvm_077,outputs/models/dataset1_varroa/00_linear_svm/models/d1_linsvm_077__centered112_neg4x__hog16_pca_hsv.joblib,linear_svm,linsvm,d1,decision_function,True,3,f1,linear_svm_stage04_v1,train,False,False
dataset1_varroa,centered112_neg4x,112,neg4x,hog16_pca_only,hog16,True,False,False,data/features/dataset1_varroa/centered112_neg4x__hog16_pca_only.parquet,parquet,25615,28,359,387,15160,3220,7235,5123,20492,0,0,train,0.95,359.0,0.9501409530639648,data/features/dataset1_varroa/pca_artifacts/centered112_neg4x__hog16_pca.joblib,OK,created_or_overwritten,53.2802,2026-05-25 03:33:40,HOG32 removed from Stage 03 feature grid.,data/features/dataset1_varroa/feature_manifest.csv,data/features/dataset1_varroa,centered112_neg4x__hog16_pca_only.parquet,data/features/dataset1_varroa/centered112_neg4x__hog16_pca_only.parquet,True,5,12,78,d1_linsvm_078,outputs/models/dataset1_varroa/00_linear_svm/models/d1_linsvm_078__centered112_neg4x__hog16_pca_only.joblib,linear_svm,linsvm,d1,decision_function,True,3,f1,linear_svm_stage04_v1,train,False,False
